{
  "Total Trades": 666,
  "Net Profit": 4774755.734716963,
  "Sharpe Ratio": {
    "sharperatio": 2.355893848078167
  },
  "Max Drawdown %": 9.162175375801727,
  "Max Drawdown Value": 131089.6119887773,
  "SQN": {
    "sqn": 5.775727455630069,
    "trades": 666
  },
  "Returns": 6.170605161463982,
  "Final Portfolio Value": 4784755.73
}
